"id","p_val","mcar"
4,0.135162966375735,TRUE
15,0.144945535077317,TRUE
25,0.00928857423337859,FALSE
38,0,FALSE
802,0,FALSE
930,0,FALSE
957,0.884844126761071,TRUE
961,8.85004738382378e-07,FALSE
40945,0.487669754720861,TRUE
41162,NA,NA
