"id","p_val"
4,0.135162966375735
15,0.144945535077317
25,0.00928857423337859
38,0
802,0
930,0
957,0.884844126761071
961,8.85004738382378e-07
40945,0.487669754720861
41162,NA
